ticker|IRR|G|EPS|EPS_POS|EPS_N|DPR|PRICE
bkk:24CS|0.2420|0.5250|0.0517|3.0000|9.0000|0.0000|2.3400
bkk:2S|0.0865|-0.0091|0.2668|8.0000|9.0000|0.1488|3.1600
bkk:3K-BAT|0.0000|-0.5172|-0.6544|6.0000|9.0000|0.1311|60.5000
bkk:7UP|-0.1492|-0.4750|0.0695|3.0000|9.0000|0.0000|0.7100
bkk:A|-0.1485|-0.2084|0.0130|7.0000|9.0000|0.0394|4.9800
bkk:A5|-0.1592|-0.3737|0.0676|5.0000|9.0000|0.0000|4.2200
bkk:AAI|0.3871|0.4755|0.3418|4.0000|9.0000|0.2852|5.8500
bkk:AAV|0.0000|0.7766|-0.9199|5.0000|9.0000|0.0274|2.7800
bkk:ABM|0.3569|0.5264|0.0894|6.0000|9.0000|0.0222|1.8000
bkk:ACAP|0.0000|0.7481|-0.6964|3.0000|9.0000|0.0402|0.6500
bkk:ACC|-0.1974|-0.2638|0.0009|2.0000|9.0000|0.0000|1.2500
bkk:ACE|0.2874|0.3392|0.1482|7.0000|9.0000|0.1333|2.2800
bkk:ACG|0.1660|0.1807|0.0609|6.0000|9.0000|0.7221|1.5000
bkk:ADB|0.0377|0.0021|0.0486|8.0000|9.0000|0.5434|1.4800
bkk:ADD|0.2147|0.2145|0.3407|7.0000|9.0000|1.0058|7.9000
bkk:ADVANC|0.0376|-0.0400|8.5613|9.0000|9.0000|0.7481|213.0000
bkk:AEONTS|0.1513|0.0647|15.3944|9.0000|9.0000|0.3228|181.0000
bkk:AF|0.0211|-0.0147|0.0277|8.0000|9.0000|0.9050|1.1700
bkk:AFC|-0.2639|-0.6630|0.1836|4.0000|9.0000|0.0812|7.1000
bkk:AGE|0.6136|0.3486|0.5605|8.0000|9.0000|0.3910|3.0200
bkk:AH|0.2980|0.1679|3.7518|8.0000|9.0000|0.3336|30.7500
bkk:AHC|0.1625|0.0537|1.4482|9.0000|9.0000|0.5615|17.2000
bkk:AI|0.2386|0.0644|0.5924|9.0000|9.0000|0.9946|6.0000
bkk:AIE|0.3716|0.3955|0.1452|4.0000|9.0000|0.3745|2.1000
bkk:AIRA|0.0000|0.0533|-0.0186|2.0000|9.0000|-0.0936|2.0400
bkk:AIT|0.0655|-0.0513|0.3436|9.0000|9.0000|0.8673|5.9500
bkk:AJ|0.3823|0.3575|0.8791|8.0000|9.0000|0.4067|10.7000
bkk:AJA|0.0000|0.3276|-0.0516|2.0000|9.0000|0.0000|0.2400
bkk:AKP|0.0010|-0.0763|0.0750|9.0000|9.0000|0.3502|1.9900
bkk:AKR|0.1437|0.0876|0.0740|7.0000|9.0000|0.2447|0.9900
bkk:ALL|1.0990|0.2178|0.1509|6.0000|9.0000|0.0804|0.2200
bkk:ALLA|0.0000|-0.2879|-0.0272|9.0000|9.0000|1.0080|1.4200
bkk:ALPHAX|-0.2771|-0.5571|0.0019|4.0000|9.0000|0.0303|1.1800
bkk:ALT|0.0000|-0.5437|-0.0836|5.0000|9.0000|0.0399|2.1400
bkk:ALUCON|0.1079|-0.0252|15.3689|9.0000|9.0000|0.6452|187.5000
bkk:AMA|0.2358|0.1270|0.5462|9.0000|9.0000|0.4143|5.4000
bkk:AMANAH|0.8103|0.7187|0.3853|7.0000|9.0000|0.5946|3.6800
bkk:AMARC|0.2098|0.3545|0.0650|5.0000|9.0000|0.6368|2.6200
bkk:AMARIN|-0.1827|-0.5844|0.6420|5.0000|9.0000|0.7483|6.0000
bkk:AMATA|0.0747|0.0042|1.4033|9.0000|9.0000|0.2886|22.7000
bkk:AMATAV|0.3665|0.2978|0.7839|8.0000|9.0000|0.1179|6.7000
bkk:AMC|0.0337|-0.0343|0.1473|5.0000|9.0000|0.2034|2.9000
bkk:AMR|0.4970|0.3550|0.3899|5.0000|9.0000|0.8109|3.8000
bkk:ANAN|0.0000|-0.3529|-0.0869|7.0000|9.0000|0.0559|1.2200
bkk:AOT|0.0000|-0.3151|-0.1956|7.0000|9.0000|0.2271|71.7500
bkk:AP|0.2803|0.1161|1.6776|9.0000|9.0000|0.3596|12.3000
bkk:APCO|-0.0215|-0.0952|0.1030|9.0000|9.0000|1.0110|5.1500
bkk:APCS|-0.0694|-0.0968|0.0328|6.0000|9.0000|0.5928|4.3800
bkk:APEX|0.0000|0.3137|-0.1155|2.0000|9.0000|0.0000|0.0400
bkk:APP|0.3359|0.1613|0.2930|8.0000|9.0000|1.0335|2.9200
bkk:APURE|0.1352|0.1227|0.2733|9.0000|9.0000|0.2634|4.8600
bkk:AQ|0.0748|-0.3424|0.0110|1.0000|9.0000|0.0000|0.0200
bkk:AQUA|0.1722|0.0339|0.0934|9.0000|9.0000|0.0586|0.6700
bkk:ARIN|-0.4065|-1.3420|-0.0272|2.0000|9.0000|0.1205|4.9200
bkk:ARIP|7.6221|12.3375|0.0224|7.0000|9.0000|0.3128|1.3900
bkk:ARROW|0.0554|-0.0881|0.4482|9.0000|9.0000|0.9654|7.1000
bkk:AS|0.0000|-1.7171|1.0498|6.0000|9.0000|0.6418|14.8000
bkk:ASAP|0.0000|-0.4085|-0.0366|6.0000|9.0000|0.0207|2.4800
bkk:ASEFA|0.1080|-0.0478|0.3100|9.0000|9.0000|0.8531|3.7000
bkk:ASIA|-0.3719|-1.3075|-0.4611|5.0000|9.0000|-0.0502|7.8000
bkk:ASIAN|0.4169|0.2927|1.2349|8.0000|9.0000|0.6453|11.9000
bkk:ASIMAR|-0.0571|-0.1825|0.0422|9.0000|9.0000|0.6342|1.6900
bkk:ASK|0.1899|0.0503|2.7398|9.0000|9.0000|0.5657|27.0000
bkk:ASN|-0.0403|-0.0995|0.0566|9.0000|9.0000|0.4323|3.0600
bkk:ASP|0.0510|-0.0857|0.1738|9.0000|9.0000|0.9095|2.8600
bkk:ASW|0.6338|0.3736|1.5156|6.0000|9.0000|0.4270|8.5000
bkk:ATP30|0.0936|0.0623|0.0591|9.0000|9.0000|0.5886|1.3600
bkk:AU|-0.0478|-0.0734|0.0914|9.0000|9.0000|1.0915|10.9000
bkk:AUCT|0.1144|0.0622|0.4316|9.0000|9.0000|0.9891|9.8500
bkk:AURA|0.2637|0.4716|0.5356|3.0000|9.0000|0.1892|18.4000
bkk:AWC|0.0409|0.2031|0.0546|6.0000|9.0000|0.1817|5.8000
bkk:AYUD|-0.0317|-0.1504|1.0698|9.0000|9.0000|0.9964|39.5000
bkk:B|-0.0979|-0.4970|0.1240|2.0000|9.0000|0.0000|0.2900
bkk:B52|0.0000|-0.1458|-0.1171|0.0000|9.0000|0.0000|2.0200
bkk:BA|0.0000|0.7254|-2.2500|6.0000|9.0000|-0.0213|13.6000
bkk:BAFS|0.0000|-0.4044|-0.4831|6.0000|9.0000|0.1061|32.0000
bkk:BAM|0.0309|-0.1045|0.8098|9.0000|9.0000|0.7331|13.6000
bkk:BANPU|0.3762|0.2488|1.7792|6.0000|9.0000|-0.0096|11.0000
bkk:BAY|0.2123|0.0664|4.0804|9.0000|9.0000|0.1567|29.2500
bkk:BBGI|0.3775|0.3023|0.4897|6.0000|9.0000|0.6889|5.8500
bkk:BBIK|0.1311|0.4198|0.9467|5.0000|9.0000|0.3558|112.0000
bkk:BBL|0.0637|-0.0502|13.1067|9.0000|9.0000|0.1773|154.5000
bkk:BC|0.0000|0.8050|-0.2902|3.0000|9.0000|0.1111|1.5000
bkk:BCH|0.2102|0.2267|1.0360|9.0000|9.0000|0.5316|20.6000
bkk:BCP|0.4515|0.2058|6.5616|8.0000|9.0000|0.2047|32.0000
bkk:BCPG|0.1003|-0.0347|0.8553|9.0000|9.0000|0.5736|10.1000
bkk:BCT|0.3639|0.1545|11.6149|9.0000|9.0000|0.0840|58.0000
bkk:BDMS|0.0316|0.0272|0.6309|9.0000|9.0000|0.8678|30.5000
bkk:BE8|0.1599|0.4600|0.5680|4.0000|9.0000|0.3355|57.0000
bkk:BEAUTY|-0.0764|-0.1886|0.0290|6.0000|9.0000|0.0443|1.2200
bkk:BEC|0.0000|-0.4290|-0.3987|6.0000|9.0000|0.1592|8.6000
bkk:BEM|-0.0084|-0.0379|0.1716|9.0000|9.0000|0.6208|8.9500
bkk:BEYOND|0.0000|-0.9581|-1.2504|5.0000|9.0000|-0.0352|15.1000
bkk:BGC|0.3849|0.2875|0.8862|6.0000|9.0000|0.6932|9.7500
bkk:BGRIM|-0.0398|-0.0416|0.4089|8.0000|9.0000|0.4387|38.5000
bkk:BGT|0.0000|0.2796|-0.0553|3.0000|9.0000|0.0024|1.1500
bkk:BH|-0.0032|-0.0147|3.5447|9.0000|9.0000|0.8253|227.0000
bkk:BIG|0.0103|-0.1194|0.0517|8.0000|9.0000|0.1167|0.7000
bkk:BIOTEC|0.0000|-0.0397|-0.3692|2.0000|9.0000|0.0000|0.7700
bkk:BIS|0.2832|0.4434|0.2096|4.0000|9.0000|0.6687|7.4000
bkk:BIZ|0.0265|-0.0652|0.1401|9.0000|9.0000|1.1251|4.0400
bkk:BJC|0.0293|-0.0219|1.1991|9.0000|9.0000|0.6775|37.2500
bkk:BJCHI|0.0000|-0.3957|-0.0751|6.0000|9.0000|0.5074|1.6300
bkk:BKD|-0.0755|-0.1674|0.0311|8.0000|9.0000|0.5242|2.2400
bkk:BKI|0.0088|-0.0838|13.0178|8.0000|9.0000|0.3888|291.0000
bkk:BLA|0.0477|-0.0461|1.7860|9.0000|9.0000|0.2860|28.2500
bkk:BLAND|0.0096|-0.0903|0.0464|8.0000|9.0000|0.4046|0.9800
bkk:BLESS|0.3604|0.2681|0.1190|6.0000|9.0000|0.0000|0.8500
bkk:BLISS|0.0000|0.2740|-0.0456|3.0000|9.0000|0.0000|0.1400
bkk:BM|0.0090|-0.0328|0.1016|9.0000|9.0000|0.7239|4.1800
bkk:BOL|0.1490|0.1959|0.2998|9.0000|9.0000|0.9694|10.6000
bkk:BPP|0.1907|0.0704|1.5322|9.0000|9.0000|0.4673|15.6000
bkk:BR|0.0000|-0.3280|-0.0947|6.0000|9.0000|0.0108|3.1200
bkk:BRI|0.4965|0.4841|1.0473|4.0000|9.0000|0.2880|11.4000
bkk:BROCK|0.0905|0.1918|0.0310|9.0000|9.0000|0.6802|1.8200
bkk:BROOK|0.0000|-0.2858|-0.0079|8.0000|9.0000|0.6135|0.4800
bkk:BRR|0.1355|0.0932|0.4756|8.0000|9.0000|0.1860|6.7500
bkk:BSBM|0.0727|-0.0406|0.0544|8.0000|9.0000|0.6583|0.8400
bkk:BSM|-0.3830|-1.6269|-0.0239|5.0000|9.0000|0.0410|0.3200
bkk:BTG|0.1164|0.0738|1.5713|7.0000|9.0000|0.3748|27.0000
bkk:BTNC|0.0000|0.9230|-0.7142|5.0000|9.0000|0.2050|13.8000
bkk:BTS|-0.0005|-0.0983|0.2327|9.0000|9.0000|0.9094|7.2000
bkk:BTW|0.0000|-0.4851|-0.1352|5.0000|9.0000|0.0992|0.6000
bkk:BUI|0.1583|0.0652|1.1767|9.0000|9.0000|0.4845|14.6000
bkk:BVG|0.1622|0.3783|0.1284|4.0000|9.0000|0.1832|7.1000
bkk:BWG|0.0000|-0.6480|-0.0393|5.0000|9.0000|-0.0559|0.9800
bkk:BYD|0.0000|0.0474|-0.4462|1.0000|9.0000|0.0000|8.8000
bkk:CAZ|0.3352|0.2566|0.4415|9.0000|9.0000|0.0864|3.6200
bkk:CBG|0.1163|0.1293|3.0836|9.0000|9.0000|0.6934|89.2500
bkk:CCET|-0.0535|-0.1621|0.0469|9.0000|9.0000|0.6386|2.1200
bkk:CCP|-0.0757|-0.1537|0.0051|7.0000|9.0000|0.4429|0.4100
bkk:CEN|0.0000|0.2624|-0.5773|4.0000|9.0000|-0.0426|3.1000
bkk:CENTEL|0.0000|-0.5167|-0.6080|7.0000|9.0000|-0.0522|56.0000
bkk:CEYE|0.1839|0.2076|0.1875|6.0000|9.0000|1.0949|5.5000
bkk:CFRESH|0.0000|-0.6079|-0.3324|6.0000|9.0000|-0.0571|2.1600
bkk:CGD|-0.1364|-0.2956|0.0048|2.0000|9.0000|0.0000|0.3700
bkk:CGH|0.0000|-0.3844|-0.0228|7.0000|9.0000|-0.0359|0.8700
bkk:CH|0.2910|0.3800|0.1260|5.0000|9.0000|0.7784|3.3800
bkk:CHARAN|0.1736|0.1027|2.5978|7.0000|9.0000|0.3863|33.0000
bkk:CHASE|0.4644|0.4313|0.3633|3.0000|9.0000|0.0000|3.0200
bkk:CHAYO|0.0955|0.1820|0.2241|9.0000|9.0000|0.0892|7.8500
bkk:CHEWA|0.0104|-0.0925|0.0438|7.0000|9.0000|0.1081|0.7300
bkk:CHG|0.2453|0.2482|0.1951|9.0000|9.0000|0.6486|3.6200
bkk:CHIC|-0.0719|-0.1444|0.0100|7.0000|9.0000|0.4324|0.7900
bkk:CHO|0.0000|0.6728|-0.2559|4.0000|9.0000|-0.0976|0.3900
bkk:CHOTI|-0.1896|-0.4064|0.8878|5.0000|9.0000|0.3468|150.0000
bkk:CHOW|1.1358|1.2560|0.3086|4.0000|9.0000|0.0000|2.9000
bkk:CI|0.0000|9.5769|-0.1703|5.0000|9.0000|0.1392|0.7400
bkk:CIG|0.0000|0.5106|-0.2092|1.0000|9.0000|0.0000|0.5500
bkk:CIMBT|0.1402|0.1284|0.0526|7.0000|9.0000|0.1010|0.8200
bkk:CITY|0.0000|-0.4218|-0.1135|6.0000|9.0000|-0.0303|2.1000
bkk:CIVIL|0.2979|0.2269|0.2488|6.0000|9.0000|0.4556|2.8000
bkk:CK|-0.0247|-0.1068|0.5791|9.0000|9.0000|0.4338|20.5000
bkk:CKP|0.2307|0.2396|0.2354|9.0000|9.0000|0.4610|4.1400
bkk:CM|0.0000|-0.3249|-0.0447|7.0000|9.0000|0.1038|2.3200
bkk:CMAN|-0.0554|-0.1376|0.0544|7.0000|9.0000|0.0948|2.3200
bkk:CMC|0.0000|-0.2965|-0.0142|8.0000|9.0000|0.2713|1.4200
bkk:CMO|0.0000|0.2750|-0.2100|4.0000|9.0000|0.2468|3.6400
bkk:CMR|0.0147|-0.0492|0.0692|9.0000|9.0000|1.0001|2.5800
bkk:CNT|0.0000|0.1112|-0.0968|5.0000|9.0000|0.2097|1.4300
bkk:COLOR|0.2981|0.2566|0.1042|8.0000|9.0000|0.8946|1.6800
bkk:COM7|0.2186|0.3006|1.0980|9.0000|9.0000|0.5446|29.7500
bkk:COMAN|0.0000|-0.4840|-0.1302|6.0000|9.0000|0.1048|5.0000
bkk:COTTO|0.0000|-0.2550|-0.0015|7.0000|9.0000|0.1879|2.2200
bkk:CPALL|0.0262|0.0011|1.7284|9.0000|9.0000|0.5041|61.2500
bkk:CPANEL|0.1799|0.3315|0.2977|5.0000|9.0000|0.1575|10.3000
bkk:CPF|0.1308|0.0205|1.9293|9.0000|9.0000|0.3616|21.4000
bkk:CPH|-0.2203|-0.5776|1.0031|3.0000|9.0000|0.0000|28.0000
bkk:CPI|0.6106|0.4111|0.4284|6.0000|9.0000|0.4785|2.9200
bkk:CPL|0.0000|-7.4128|-0.1369|7.0000|9.0000|0.1718|2.6600
bkk:CPN|0.0692|0.0521|2.7473|9.0000|9.0000|0.3816|69.7500
bkk:CPR|0.0580|-0.0131|0.3127|9.0000|9.0000|0.3599|5.7500
bkk:CPT|0.0000|-0.6422|-0.0434|5.0000|9.0000|0.5477|0.7300
bkk:CPW|0.2296|0.1994|0.1844|8.0000|9.0000|0.7240|3.1400
bkk:CRANE|0.0000|0.1962|-0.2310|4.0000|9.0000|-0.0050|1.4700
bkk:CRC|0.0760|0.0810|1.2458|7.0000|9.0000|0.7874|44.5000
bkk:CRD|0.0000|-0.6923|-0.0782|6.0000|9.0000|-0.2119|0.7500
bkk:CSC|0.1095|-0.0461|4.6836|9.0000|9.0000|0.5335|47.0000
bkk:CSP|0.0000|0.6642|-0.2698|4.0000|9.0000|-0.1079|1.2500
bkk:CSR|-0.0466|-0.1226|1.2731|9.0000|9.0000|0.6273|71.7500
bkk:CSS|0.0041|-0.1292|0.0673|9.0000|9.0000|0.8355|1.4400
bkk:CTW|0.0107|-0.1055|0.2402|7.0000|9.0000|0.7950|5.5000
bkk:CV|0.3106|0.3725|0.1226|5.0000|9.0000|0.0000|1.7000
bkk:CWT|0.2847|0.2000|0.2682|9.0000|9.0000|0.1359|2.3200
bkk:D|-0.0678|-0.0912|0.0513|5.0000|9.0000|0.2520|5.6000
bkk:DCC|0.1114|-0.0155|0.1720|9.0000|9.0000|0.7675|2.3000
bkk:DCON|-0.1048|-0.2192|0.0053|9.0000|9.0000|0.3866|0.4800
bkk:DDD|-0.0132|-0.0811|0.3024|7.0000|9.0000|1.1251|15.2000
bkk:DELTA|0.0013|0.0979|7.8009|9.0000|9.0000|0.4322|964.0000
bkk:DEMCO|0.0000|1.0500|-0.0462|6.0000|9.0000|0.0190|4.9600
bkk:DEXON|0.0455|0.3566|0.0164|2.0000|9.0000|0.0000|4.4400
bkk:DHOUSE|0.0000|-2.3400|-0.0046|3.0000|9.0000|0.3111|0.8300
bkk:DIMET|0.0000|0.0718|-0.1180|1.0000|9.0000|0.0000|0.4100
bkk:DITTO|0.0759|0.2975|0.2752|7.0000|9.0000|0.3258|34.0000
bkk:DMT|0.0410|-0.0653|0.6936|9.0000|9.0000|0.7889|14.0000
bkk:DOD|-0.0549|-0.1614|0.1402|8.0000|9.0000|0.1190|4.7200
bkk:DOHOME|-0.0548|-0.0753|0.1887|9.0000|9.0000|0.0346|14.2000
bkk:DPAINT|0.2383|0.3852|0.2620|5.0000|9.0000|0.2531|7.6500
bkk:DRT|0.2470|0.1243|0.7469|9.0000|9.0000|0.6390|7.8500
bkk:DTCENT|0.2148|0.1833|0.1173|6.0000|9.0000|0.6904|2.0000
bkk:DTCI|0.0177|-0.0511|1.2311|9.0000|9.0000|0.3431|30.0000
bkk:DUSIT|0.0000|0.8691|-0.7729|5.0000|9.0000|0.0886|11.7000
bkk:DV8|0.0000|-0.1685|-0.2990|2.0000|9.0000|0.0000|0.7800
bkk:EA|0.0729|0.1417|1.9096|9.0000|9.0000|0.2035|76.0000
bkk:EASON|0.0000|-0.3867|-0.0544|6.0000|9.0000|0.3237|1.2900
bkk:EASTW|0.0945|-0.0772|0.4716|9.0000|9.0000|0.7198|4.9400
bkk:ECF|-0.0527|-0.1449|0.0341|9.0000|9.0000|0.2653|1.4300
bkk:ECL|0.1894|0.0742|0.1596|9.0000|9.0000|0.4978|1.7000
bkk:EFORL|0.0000|-0.0725|-0.0896|4.0000|9.0000|-0.1283|0.3000
bkk:EGCO|0.1577|-0.0063|15.8924|9.0000|9.0000|0.7026|155.5000
bkk:EKH|0.3932|0.3137|0.6694|9.0000|9.0000|0.7113|7.9000
bkk:EMC|-0.0969|-0.3637|0.0155|2.0000|9.0000|0.0000|0.1500
bkk:EP|0.2516|0.0965|0.5651|8.0000|9.0000|0.0072|3.3600
bkk:EPG|0.1250|0.0561|0.4584|9.0000|9.0000|0.6894|7.9000
bkk:ERW|0.0000|0.8632|-0.3003|5.0000|9.0000|0.0960|4.9400
bkk:ESSO|0.9259|0.6573|1.8147|6.0000|9.0000|0.1835|8.9000
bkk:ESTAR|-0.0385|-0.1417|0.0122|9.0000|9.0000|0.0512|0.3200
bkk:ETC|0.1958|0.4568|0.0829|5.0000|9.0000|0.0000|4.2200
bkk:ETE|-0.0213|-0.0696|0.0289|8.0000|9.0000|0.1372|1.0900
bkk:EVER|0.0000|0.1021|-0.0480|2.0000|9.0000|0.0000|0.2400
bkk:F&D|-0.2315|-0.6215|1.7018|4.0000|9.0000|0.0000|33.2500
bkk:FANCY|0.0000|0.0158|-0.1574|1.0000|9.0000|-0.1556|0.7000
bkk:FE|0.0080|-0.0879|7.0071|9.0000|9.0000|0.8641|200.0000
bkk:FLOYD|-0.0916|-0.2049|0.0219|9.0000|9.0000|0.1579|1.3100
bkk:FMT|0.1097|-0.0152|2.2182|9.0000|9.0000|0.8560|31.5000
bkk:FN|0.0000|-0.8060|-0.0801|6.0000|9.0000|0.0959|1.7500
bkk:FNS|0.0881|-0.0757|0.3927|7.0000|9.0000|0.3681|3.5600
bkk:FORTH|0.0680|0.1077|0.7042|9.0000|9.0000|0.7022|32.2500
bkk:FPI|0.1678|0.0520|0.2117|9.0000|9.0000|0.6719|2.5600
bkk:FPT|0.1812|0.1158|1.1396|9.0000|9.0000|0.4438|15.2000
bkk:FSMART|0.1389|0.0528|0.6351|9.0000|9.0000|0.9074|10.7000
bkk:FSS|-0.0705|-0.1599|0.0669|7.0000|9.0000|0.1661|3.5800
bkk:FTE|0.0816|-0.0730|0.1163|9.0000|9.0000|1.0028|1.6000
bkk:FTI|0.2378|0.1866|0.1257|6.0000|9.0000|0.8831|2.0800
bkk:FVC|0.0447|0.0560|0.0510|7.0000|9.0000|-0.1885|1.2000
bkk:GBX|0.1797|0.1578|0.0420|9.0000|9.0000|0.8530|0.8800
bkk:GC|0.1718|0.0238|0.4527|9.0000|9.0000|0.8759|5.1500
bkk:GCAP|0.0000|-0.6525|-0.1580|7.0000|9.0000|0.3684|1.2100
bkk:GEL|0.0000|0.8317|-0.0433|3.0000|9.0000|-0.0375|0.2600
bkk:GENCO|0.0000|0.2586|-0.0303|4.0000|9.0000|0.1195|0.7100
bkk:GFPT|0.1083|-0.0047|1.1369|9.0000|9.0000|0.1707|11.5000
bkk:GGC|-0.0570|-0.1455|0.2022|8.0000|9.0000|0.8296|13.1000
bkk:GIFT|0.0000|-0.2535|-0.0023|7.0000|9.0000|0.5041|6.0500
bkk:GJS|0.0000|0.0289|-0.0527|2.0000|9.0000|0.0000|0.2900
bkk:GL|0.0000|1.0171|-0.3334|4.0000|9.0000|-0.1417|0.6500
bkk:GLAND|-0.0678|-0.1658|0.0567|9.0000|9.0000|-0.0792|2.1600
bkk:GLOBAL|0.1389|0.1751|0.6764|9.0000|9.0000|0.4921|18.2000
bkk:GLOCON|0.0000|-0.1356|-0.0592|0.0000|9.0000|0.0000|0.4700
bkk:GLORY|0.2003|0.3556|0.1017|5.0000|9.0000|0.4245|3.9600
bkk:GPI|-0.0086|-0.1460|0.0716|9.0000|9.0000|0.9568|1.7400
bkk:GPSC|0.0438|0.0148|1.9498|9.0000|9.0000|0.7531|66.7500
bkk:GRAMMY|-0.2112|-0.5920|0.5854|4.0000|9.0000|0.1760|9.8000
bkk:GRAND|0.0000|1.3106|-0.1110|4.0000|9.0000|-0.0019|0.2200
bkk:GREEN|-0.1399|-0.3975|0.0505|3.0000|9.0000|0.0000|1.1300
bkk:GSC|-0.0422|-0.0440|0.0231|6.0000|9.0000|0.2538|2.0000
bkk:GSTEEL|-0.2465|-0.8018|0.1263|2.0000|9.0000|0.0000|0.0900
bkk:GTB|0.0460|-0.0472|0.0406|8.0000|9.0000|0.4392|0.7200
bkk:GTV|-0.1262|-0.2904|0.0045|0.0000|9.0000|0.0000|0.2600
bkk:GULF|0.1557|0.3410|0.7683|7.0000|9.0000|0.7772|53.0000
bkk:GUNKUL|0.3218|0.2436|0.3670|9.0000|9.0000|0.5408|4.1400
bkk:GYT|0.0000|-0.7475|-20.0758|6.0000|9.0000|0.0034|186.5000
bkk:HANA|0.0315|-0.0497|2.2742|9.0000|9.0000|0.5085|50.2500
bkk:HARN|0.1122|-0.0224|0.1629|9.0000|9.0000|0.8033|2.1200
bkk:HEMP|0.0000|0.0382|-0.8249|1.0000|9.0000|0.0000|3.7000
bkk:HENG|0.2811|0.3728|0.1118|6.0000|9.0000|0.5409|2.7200
bkk:HFT|0.1917|0.0311|0.5660|9.0000|9.0000|0.6364|5.2500
bkk:HMPRO|0.0902|0.0757|0.4762|9.0000|9.0000|0.8588|14.3000
bkk:HPT|0.0305|-0.0000|0.0268|8.0000|9.0000|0.3368|0.7900
bkk:HTC|0.2325|0.1600|2.7731|9.0000|9.0000|0.4564|33.2500
bkk:HTECH|0.1085|-0.0213|0.3009|9.0000|9.0000|0.5112|3.4600
bkk:HUMAN|0.0798|0.1091|0.2749|9.0000|9.0000|0.8038|11.4000
bkk:HYDRO|0.0000|-0.2260|-0.2013|0.0000|9.0000|0.0000|0.5500
bkk:ICC|0.0027|-0.0831|1.3624|8.0000|9.0000|0.3900|34.0000
bkk:ICHI|-0.0333|-0.1142|0.2345|9.0000|9.0000|1.0097|12.7000
bkk:ICN|0.3406|0.2338|0.2671|8.0000|9.0000|1.0150|3.4000
bkk:IFEC|0.0000|0.1303|-0.6078|2.0000|9.0000|-0.0374|0.3500
bkk:IFS|0.1722|0.0151|0.3169|9.0000|9.0000|0.5142|2.8400
bkk:IHL|0.0054|-0.1306|0.1638|8.0000|9.0000|0.5522|2.9200
bkk:IIG|0.1837|0.3450|0.8991|7.0000|9.0000|0.3442|36.7500
bkk:III|0.2635|0.3107|0.6475|8.0000|9.0000|0.6348|14.1000
bkk:ILINK|0.1311|0.0569|0.5253|9.0000|9.0000|0.3788|7.2000
bkk:ILM|0.2128|0.1481|1.3978|7.0000|9.0000|0.7518|21.1000
bkk:IMH|0.2490|0.2997|0.5802|7.0000|9.0000|0.4130|11.6000
bkk:IND|0.2072|0.1562|0.1175|7.0000|9.0000|0.3767|1.5400
bkk:INET|0.1529|0.1062|0.4116|8.0000|9.0000|0.1296|5.2000
bkk:INGRS|0.0151|-2.5895|-0.0988|6.0000|9.0000|0.2363|0.5000
bkk:INOX|-0.0344|-0.1066|0.0165|7.0000|9.0000|0.6635|0.8300
bkk:INSET|0.2728|0.1935|0.2204|7.0000|9.0000|0.8750|3.0800
bkk:INSURE|0.7168|0.6210|25.1464|5.0000|9.0000|0.0000|160.0000
bkk:INTUCH|-0.0403|-0.1251|1.7773|8.0000|9.0000|0.4245|74.5000
bkk:IP|0.1954|0.3391|0.3372|7.0000|9.0000|0.4008|12.4000
bkk:IRC|0.0078|-0.1283|0.7938|9.0000|9.0000|0.5284|13.7000
bkk:IRCP|0.0000|-0.6925|-0.1227|5.0000|9.0000|0.0065|0.9900
bkk:IRPC|0.0000|-0.6965|-0.1691|5.0000|9.0000|0.0266|2.6400
bkk:IT|-0.0266|-0.0236|0.0602|7.0000|9.0000|0.1605|4.0000
bkk:ITC|0.4156|0.4687|1.3831|5.0000|9.0000|0.5342|23.5000
bkk:ITD|0.0000|0.7487|-0.4061|4.0000|9.0000|0.0443|1.6000
bkk:ITEL|0.1803|0.1989|0.2089|9.0000|9.0000|0.0672|3.3000
bkk:ITNS|0.4206|0.4461|0.2160|4.0000|9.0000|1.0187|4.2400
bkk:IVL|0.3276|0.1666|4.3678|9.0000|9.0000|0.4848|34.5000
bkk:J|-0.0410|-0.0919|0.0675|8.0000|9.0000|0.1769|3.3600
bkk:JAK|0.1452|0.1659|0.0682|6.0000|9.0000|0.2084|1.3600
bkk:JAS|0.0000|-0.3940|-0.2420|6.0000|9.0000|0.1741|2.1200
bkk:JCK|0.0000|-0.1141|-0.0874|1.0000|9.0000|0.0000|0.2900
bkk:JCKH|0.0000|-0.0400|-0.1998|0.0000|9.0000|0.0000|0.0700
bkk:JCT|0.0761|-0.0430|5.3471|9.0000|9.0000|0.6912|80.0000
bkk:JDF|0.2293|0.1744|0.1403|6.0000|9.0000|1.1942|2.6600
bkk:JKN|0.3766|0.1386|0.5924|9.0000|9.0000|0.1788|2.8800
bkk:JMART|0.1445|0.1530|0.9027|8.0000|9.0000|0.6651|22.4000
bkk:JMT|0.1458|0.2059|1.2460|9.0000|9.0000|0.8430|45.2500
bkk:JR|0.2334|0.3594|0.1866|7.0000|9.0000|0.7122|6.6000
bkk:JSP|0.0074|0.1305|0.0402|5.0000|9.0000|0.0000|4.1800
bkk:JTS|-0.2333|-0.3137|0.0099|5.0000|9.0000|0.0000|35.2500
bkk:JUBILE|0.1425|0.0839|1.6827|9.0000|9.0000|0.4182|25.0000
bkk:K|0.0000|2.5263|-0.2653|5.0000|9.0000|-0.1143|1.3000
bkk:KAMART|0.0904|0.0522|0.3398|9.0000|9.0000|0.7647|8.3500
bkk:KASET|0.0000|-0.0697|-0.0497|3.0000|9.0000|0.1241|1.5500
bkk:KBANK|0.1026|-0.0321|13.8267|9.0000|9.0000|0.2396|131.5000
bkk:KBS|44.7033|65.4500|0.1752|4.0000|9.0000|0.1062|6.1000
bkk:KC|0.0000|-0.0556|-0.0844|1.0000|9.0000|0.0000|0.1300
bkk:KCAR|0.1416|-0.0275|0.8693|9.0000|9.0000|0.6341|8.1500
bkk:KCC|0.1658|0.3946|0.1132|5.0000|9.0000|0.1643|6.5000
bkk:KCE|0.0384|-0.0325|1.5747|9.0000|9.0000|0.9376|45.0000
bkk:KCM|0.0000|-0.6525|-0.0143|6.0000|9.0000|0.0862|0.5900
bkk:KDH|1.5194|2.4754|2.5558|4.0000|9.0000|0.0676|93.0000
bkk:KEX|-0.0826|-0.1204|0.1169|5.0000|9.0000|0.4307|16.4000
bkk:KGEN|0.0000|-0.1932|-0.0312|2.0000|9.0000|0.0000|1.0800
bkk:KGI|0.1951|0.0339|0.5300|9.0000|9.0000|0.6970|5.0500
bkk:KIAT|0.0843|-0.0312|0.0276|9.0000|9.0000|0.9150|0.4600
bkk:KISS|0.2479|0.2915|0.2984|5.0000|9.0000|0.7318|6.9500
bkk:KJL|0.3009|0.4455|0.5172|5.0000|9.0000|0.4736|14.6000
bkk:KK|0.0843|0.0721|0.0783|8.0000|9.0000|0.7752|2.3600
bkk:KKC|0.0000|0.3469|-0.7860|3.0000|9.0000|-0.2619|0.2900
bkk:KKP|0.2507|0.0870|8.4062|9.0000|9.0000|0.3939|64.0000
bkk:KLINIQ|0.1587|0.3364|0.7844|5.0000|9.0000|0.3658|40.2500
bkk:KOOL|0.0000|0.0898|-0.0199|5.0000|9.0000|-0.0444|0.5500
bkk:KSL|-0.0250|-0.1154|0.1203|8.0000|9.0000|0.1898|3.3600
bkk:KTB|0.1006|-0.0364|1.7396|9.0000|9.0000|0.2632|16.7000
bkk:KTC|0.1632|0.1704|2.6567|9.0000|9.0000|0.4176|53.2500
bkk:KTIS|0.0000|-0.8075|-0.1809|6.0000|9.0000|0.1916|4.3600
bkk:KTMS|0.2163|0.5214|0.0648|3.0000|9.0000|0.1322|4.1000
bkk:KUMWEL|0.1300|0.0490|0.1358|8.0000|9.0000|0.7282|2.2000
bkk:KUN|0.3191|0.2809|0.1560|8.0000|9.0000|0.6330|2.1800
bkk:KWC|0.1241|0.0451|16.4182|9.0000|9.0000|0.6692|265.0000
bkk:KWI|0.0000|0.1777|-0.2080|3.0000|9.0000|0.0000|1.8900
bkk:KWM|0.0307|-0.0504|0.0697|9.0000|9.0000|0.9843|1.9900
bkk:KYE|0.0394|-0.0879|19.9147|9.0000|9.0000|0.5090|299.0000
bkk:L&E|-0.0239|-0.1545|0.0602|9.0000|9.0000|1.0252|1.8500
bkk:LALIN|0.3866|0.1630|1.4778|9.0000|9.0000|0.3842|8.7000
bkk:LANNA|0.5070|0.2442|2.5960|9.0000|9.0000|0.5197|14.9000
bkk:LDC|0.0000|-0.2134|-0.0079|2.0000|9.0000|0.0000|0.9300
bkk:LEE|0.0224|-0.0908|0.1055|9.0000|9.0000|0.8874|2.3800
bkk:LEO|0.3969|0.3789|0.7284|8.0000|9.0000|0.5503|9.8000
bkk:LH|0.1087|-0.0158|0.6911|9.0000|9.0000|0.8441|9.8000
bkk:LHFG|0.1061|-0.0347|0.1021|9.0000|9.0000|0.4377|1.0600
bkk:LHK|0.1566|0.0000|0.4111|9.0000|9.0000|1.0712|5.0000
bkk:LIT|0.0000|-0.2928|-0.0278|7.0000|9.0000|0.2062|1.5300
bkk:LOXLEY|0.0000|-2.1673|-0.0912|8.0000|9.0000|-0.1341|2.0400
bkk:LPH|0.1938|0.1312|0.3778|9.0000|9.0000|0.6411|5.6000
bkk:LPN|-0.0099|-0.1760|0.2689|9.0000|9.0000|0.7512|4.6800
bkk:LRH|0.0000|0.7788|-2.8611|7.0000|9.0000|0.1062|47.0000
bkk:LST|0.1796|0.0320|0.5340|9.0000|9.0000|0.4828|4.8800
bkk:M|-0.0088|-0.0872|1.2562|9.0000|9.0000|0.9618|51.0000
bkk:M-CHAI|0.1134|0.1312|18.7691|9.0000|9.0000|0.3606|466.0000
bkk:MACO|-0.1052|-0.2040|0.0066|6.0000|9.0000|-0.0309|0.5300
bkk:MAJOR|-0.0386|-0.1450|0.4300|8.0000|9.0000|0.6373|16.2000
bkk:MAKRO|0.0358|-0.0017|1.1531|9.0000|9.0000|0.7090|38.5000
bkk:MALEE|-0.2241|-2.2907|-1.1700|4.0000|9.0000|-0.1115|6.9500
bkk:MANRIN|0.0000|0.2774|-1.3549|4.0000|9.0000|0.1220|26.7500
bkk:MASTER|0.2397|0.3505|2.8291|4.0000|9.0000|0.4992|81.0000
bkk:MATCH|0.0000|0.1656|-0.1241|1.0000|9.0000|-0.1468|1.7200
bkk:MATI|6.7089|8.2500|0.3778|5.0000|9.0000|0.6652|7.8500
bkk:MAX|0.0000|0.3150|-0.0025|1.0000|9.0000|0.0000|0.0100
bkk:MBAX|0.3109|0.0825|0.6073|9.0000|9.0000|0.9246|4.7200
bkk:MBK|-0.0646|-0.1690|0.3351|8.0000|9.0000|0.3735|16.0000
bkk:MC|0.0365|-0.0765|0.4958|9.0000|9.0000|1.0159|10.9000
bkk:MCOT|0.0000|0.1982|-1.3702|3.0000|9.0000|-0.2237|4.4000
bkk:MCS|0.3991|0.1058|1.7980|9.0000|9.0000|0.5433|9.2500
bkk:MDX|-0.0313|-0.1447|0.1971|9.0000|9.0000|0.0000|4.1200
bkk:MEB|0.3918|0.5104|1.5613|4.0000|9.0000|0.5440|35.0000
bkk:MEGA|0.1831|0.1601|2.3442|9.0000|9.0000|0.5949|42.2500
bkk:MENA|0.1350|0.2065|0.0732|6.0000|9.0000|0.5147|2.5000
bkk:META|-0.0450|-0.3131|0.0458|2.0000|9.0000|0.0000|0.2600
bkk:METCO|0.0884|-0.0224|17.7516|8.0000|9.0000|0.5248|244.0000
bkk:MFC|0.0835|-0.0048|1.4231|9.0000|9.0000|0.6042|24.0000
bkk:MFEC|0.0863|-0.0067|0.4867|8.0000|9.0000|0.6074|7.9000
bkk:MGT|0.1690|0.0902|0.2238|9.0000|9.0000|0.6507|3.2200
bkk:MICRO|0.1563|0.1945|0.1612|8.0000|9.0000|0.3850|3.8400
bkk:MIDA|0.0000|2.0342|-0.0741|6.0000|9.0000|-0.0236|0.4600
bkk:MILL|-0.4066|-0.9212|0.0632|6.0000|9.0000|0.0110|0.5700
bkk:MINT|0.0000|-27.5063|-1.9382|7.0000|9.0000|0.1735|32.2500
bkk:MITSIB|0.0206|-0.0304|0.0404|8.0000|9.0000|0.2644|1.0500
bkk:MJD|0.0000|-0.7817|-0.3356|6.0000|9.0000|0.0000|1.6000
bkk:MK|0.0000|-0.6713|-0.2485|6.0000|9.0000|-0.0594|2.9200
bkk:ML|0.1010|0.0002|0.0970|9.0000|9.0000|0.1125|1.0300
bkk:MODERN|0.0000|-0.2962|-0.0670|9.0000|9.0000|1.1080|3.0400
bkk:MONO|0.0000|-0.0535|-0.0536|3.0000|9.0000|0.1111|1.3800
bkk:MOONG|0.1229|-0.0880|0.2858|9.0000|9.0000|0.6620|2.2400
bkk:MORE|-0.1250|-0.3705|0.0116|3.0000|9.0000|0.0000|0.2300
bkk:MPIC|-0.1663|-0.3949|0.0289|2.0000|9.0000|0.0000|1.7500
bkk:MSC|0.1314|0.0209|0.6213|9.0000|9.0000|0.6789|8.3000
bkk:MST|0.0260|-0.1196|0.6384|9.0000|9.0000|0.8226|10.7000
bkk:MTC|0.2289|0.2087|2.6991|9.0000|9.0000|0.1837|34.5000
bkk:MTI|0.1007|-0.0240|9.9542|9.0000|9.0000|0.4360|115.0000
bkk:MTW|0.1252|0.3844|0.0677|5.0000|9.0000|0.2444|6.5000
bkk:MUD|0.0000|0.1347|-0.1329|1.0000|9.0000|0.0000|2.4000
bkk:MVP|0.0000|9.4594|-0.0690|6.0000|9.0000|0.0444|2.8800
bkk:NATION|-0.1451|-0.5356|0.0358|5.0000|9.0000|-0.2444|0.1100
bkk:NC|0.0000|-0.7741|-0.8991|7.0000|9.0000|0.1182|13.0000
bkk:NCAP|0.2785|0.2808|0.2760|6.0000|9.0000|0.2344|3.7400
bkk:NCH|0.3897|0.2339|0.1903|9.0000|9.0000|0.3871|1.4200
bkk:NCL|0.0000|-0.0224|-0.0203|4.0000|9.0000|0.0182|2.7200
bkk:NDR|-0.1093|-0.2056|0.0210|7.0000|9.0000|0.1000|2.1000
bkk:NEP|-0.1164|-0.2847|0.0060|0.0000|9.0000|0.0000|0.2700
bkk:NER|0.4690|0.2814|0.8384|9.0000|9.0000|0.4919|5.9500
bkk:NETBAY|0.1620|0.1416|0.9765|9.0000|9.0000|1.0073|23.2000
bkk:NEW|0.1807|0.2418|4.3213|9.0000|9.0000|0.2811|100.0000
bkk:NEWS|0.0982|-0.4711|0.0308|1.0000|9.0000|0.0000|0.0300
bkk:NEX|0.0000|-0.1191|-0.0450|2.0000|9.0000|0.0000|13.7000
bkk:NFC|0.1140|0.1845|0.1300|6.0000|9.0000|0.5396|4.9800
bkk:NINE|0.0000|0.0010|-0.2328|4.0000|9.0000|-0.1556|5.6000
bkk:NKI|-0.0578|-0.1715|0.6824|9.0000|9.0000|0.8907|35.5000
bkk:NNCL|0.7667|0.5899|0.2229|7.0000|9.0000|0.8867|2.0200
bkk:NOBLE|0.3905|0.1249|0.8647|7.0000|9.0000|0.5905|5.0000
bkk:NOK|0.0000|-0.0441|-1.1253|0.0000|9.0000|0.0000|1.0400
bkk:NOVA|0.8414|0.9542|1.0222|3.0000|9.0000|0.0521|11.0000
bkk:NPK|0.0000|-0.3977|-0.9322|7.0000|9.0000|0.0556|17.9000
bkk:NRF|0.2301|0.4341|0.1605|6.0000|9.0000|0.1026|5.7000
bkk:NSI|0.0137|-0.0663|6.3811|9.0000|9.0000|0.4926|161.5000
bkk:NSL|0.2869|0.3578|0.8131|5.0000|9.0000|0.9120|21.7000
bkk:NTSC|0.2912|0.4647|0.7147|3.0000|9.0000|0.6889|26.5000
bkk:NTV|0.0489|-0.0219|1.7104|9.0000|9.0000|0.6025|38.5000
bkk:NUSA|0.0000|0.2897|-0.1043|2.0000|9.0000|0.0000|1.0300
bkk:NV|0.8419|0.4354|0.5834|4.0000|9.0000|0.5510|2.6200
bkk:NVD|0.1469|0.1568|0.1112|8.0000|9.0000|0.4130|2.3800
bkk:NWR|0.0000|0.1933|-0.0963|4.0000|9.0000|0.0439|0.7100
bkk:NYT|0.0492|-0.0702|0.1998|9.0000|9.0000|1.0137|3.9200
bkk:OCC|0.0000|-0.3692|-0.3304|7.0000|9.0000|0.1169|10.4000
bkk:OGC|-0.3606|-1.2395|-3.4609|8.0000|9.0000|0.2595|24.9000
bkk:OHTL|0.0000|2.4619|-20.0804|6.0000|9.0000|-0.1111|496.0000
bkk:OISHI|0.1286|0.0640|3.6196|9.0000|9.0000|0.5119|57.2500
bkk:ONEE|0.3431|0.4335|0.3038|4.0000|9.0000|0.3411|5.8000
bkk:OR|0.2509|0.2761|1.1458|6.0000|9.0000|0.4918|21.3000
bkk:ORI|0.3541|0.2024|1.5362|9.0000|9.0000|0.3826|11.7000
bkk:OSP|0.1015|0.0634|1.1533|9.0000|9.0000|1.0351|30.7500
bkk:OTO|0.0000|-0.5487|-0.1320|7.0000|9.0000|0.1534|16.9000
bkk:PACE|0.6745|-0.2937|0.0409|1.0000|9.0000|0.0000|0.0300
bkk:PACO|0.2090|0.2654|0.0905|7.0000|9.0000|0.7333|2.4600
bkk:PAF|-0.1146|-0.2244|0.0131|7.0000|9.0000|0.1720|1.3200
bkk:PAP|0.0000|-0.3312|-0.0711|7.0000|9.0000|0.4690|3.2000
bkk:PATO|0.0374|-0.0885|0.5096|9.0000|9.0000|0.9807|10.0000
bkk:PB|0.1057|0.0483|3.9396|9.0000|9.0000|0.5156|70.2500
bkk:PCC|0.4240|0.4769|0.2164|3.0000|9.0000|0.3172|3.1800
bkk:PCSGH|0.0813|-0.0201|0.2902|9.0000|9.0000|0.8417|5.1500
bkk:PDG|0.0860|-0.0483|0.2169|9.0000|9.0000|0.9421|3.2400
bkk:PDJ|0.0000|-0.0750|-0.0233|4.0000|9.0000|-0.0656|3.0600
bkk:PEACE|0.6501|0.4368|0.6227|5.0000|9.0000|0.5115|4.1800
bkk:PERM|0.0000|-9.6814|-0.2934|5.0000|9.0000|-0.1637|0.9700
bkk:PF|0.0000|-0.4672|-0.0228|7.0000|9.0000|0.2387|0.4100
bkk:PG|-0.1047|-0.1678|0.0522|6.0000|9.0000|0.3100|8.1000
bkk:PHOL|0.1212|0.0399|0.1791|7.0000|9.0000|0.6333|2.8200
bkk:PICO|0.0000|-0.2724|-0.0086|6.0000|9.0000|0.1687|5.2000
bkk:PIMO|0.1401|0.1165|0.1254|9.0000|9.0000|0.3193|2.1400
bkk:PIN|0.4307|0.3718|0.3233|4.0000|9.0000|0.5600|3.7000
bkk:PJW|0.0604|0.0517|0.1417|8.0000|9.0000|0.5595|4.5000
bkk:PK|-0.3722|-1.6893|-0.3026|6.0000|9.0000|0.0215|1.4500
bkk:PL|0.0673|-0.0744|0.2060|9.0000|9.0000|0.5608|2.5600
bkk:PLANB|-0.0019|0.0207|0.1161|9.0000|9.0000|0.5536|8.5000
bkk:PLANET|-0.4269|-1.1043|-0.0756|5.0000|9.0000|-0.1303|1.5700
bkk:PLAT|0.0000|-0.4156|-0.0802|6.0000|9.0000|0.1161|3.6600
bkk:PLE|0.0000|-0.1621|-0.0362|6.0000|9.0000|0.0276|0.6300
bkk:PLUS|0.2721|0.6000|0.1284|2.0000|9.0000|0.2618|7.5500
bkk:PM|0.0673|-0.0490|0.5147|9.0000|9.0000|0.7906|8.5500
bkk:PMTA|-0.0346|-0.1866|0.4078|9.0000|9.0000|0.7718|10.2000
bkk:POLAR|0.0000|-0.1728|-0.0059|1.0000|9.0000|0.0000|0.0900
bkk:POLY|0.2754|0.4710|0.3519|5.0000|9.0000|0.2356|11.4000
bkk:PORT|-0.0699|-0.1703|0.0317|8.0000|9.0000|0.1648|1.4900
bkk:POST|0.0000|-0.0774|-0.2748|0.0000|9.0000|0.0000|1.1000
bkk:PPM|-0.1162|-0.1677|0.0074|7.0000|9.0000|0.4284|1.8500
bkk:PPP|0.0000|-0.5332|-0.2542|7.0000|9.0000|0.0807|1.9700
bkk:PPPM|0.0000|0.2094|-0.7637|1.0000|9.0000|0.0000|0.1000
bkk:PPS|-0.0340|-0.0576|0.0151|8.0000|9.0000|0.0334|0.7900
bkk:PQS|0.4625|0.4134|0.3862|5.0000|9.0000|0.4536|4.2200
bkk:PR9|0.0654|0.1076|0.4784|9.0000|9.0000|0.5150|20.5000
bkk:PRAKIT|-0.1290|-0.2302|0.0616|8.0000|9.0000|0.6403|12.9000
bkk:PRAPAT|0.0219|-0.0113|0.0520|6.0000|9.0000|0.7514|2.0600
bkk:PREB|0.1396|-0.0270|0.8931|9.0000|9.0000|0.6113|8.4000
bkk:PRECHA|0.0000|0.0444|-0.0778|0.0000|9.0000|0.0000|1.1100
bkk:PRG|0.1375|0.0594|0.7536|9.0000|9.0000|0.5456|11.0000
bkk:PRI|0.2530|0.5390|0.6382|5.0000|9.0000|0.3529|36.2500
bkk:PRIME|0.1455|0.2476|0.0544|5.0000|9.0000|0.0000|1.4700
bkk:PRIN|0.1908|0.1163|0.2833|9.0000|9.0000|0.1467|2.9000
bkk:PRINC|-0.2423|-0.4482|0.0074|4.0000|9.0000|0.0000|5.3500
bkk:PRM|0.2259|0.1205|0.7031|9.0000|9.0000|0.5193|7.6000
bkk:PRO|0.0005|-0.0685|0.0159|6.0000|9.0000|0.0000|0.3500
bkk:PROEN|0.1983|0.3840|0.1268|5.0000|9.0000|0.4964|6.1000
bkk:PROS|0.0000|-0.5071|-0.0153|6.0000|9.0000|0.8052|2.0400
bkk:PROUD|-0.2014|-0.5520|0.0801|3.0000|9.0000|0.0000|1.6100
bkk:PRTR|0.2900|0.3963|0.3849|5.0000|9.0000|0.2954|8.4000
bkk:PSG|-0.1743|-0.5812|0.2136|2.0000|9.0000|0.0000|0.9800
bkk:PSH|0.0775|-0.1137|1.2229|9.0000|9.0000|0.8369|12.6000
bkk:PSL|1.8708|1.5480|2.3654|3.0000|9.0000|0.3878|13.8000
bkk:PSTC|0.0000|-0.5811|-0.0374|6.0000|9.0000|0.0978|1.4400
bkk:PT|0.2005|0.0226|0.6191|9.0000|9.0000|1.0954|6.6000
bkk:PTC|0.4051|0.5250|0.1447|2.0000|9.0000|0.2687|2.6800
bkk:PTECH|-0.0025|-0.0303|0.6063|7.0000|9.0000|0.0881|21.1000
bkk:PTG|0.1394|0.0856|0.8204|9.0000|9.0000|0.5275|13.5000
bkk:PTL|0.6994|0.3519|4.0262|7.0000|9.0000|0.3985|18.0000
bkk:PTT|0.2163|0.0503|3.4753|9.0000|9.0000|0.6745|31.5000
bkk:PTTEP|0.2919|0.2597|11.9309|8.0000|9.0000|0.4754|160.5000
bkk:PTTGC|-0.1184|-0.2229|0.3588|8.0000|9.0000|0.2615|44.7500
bkk:PYLON|0.0434|-0.0505|0.1898|9.0000|9.0000|0.8508|4.2600
bkk:Q-CON|0.2850|0.3795|0.5058|8.0000|9.0000|0.8804|14.8000
bkk:QH|0.1034|-0.0536|0.2173|9.0000|9.0000|0.7266|2.4400
bkk:QLT|-0.0825|-0.2062|0.0822|9.0000|9.0000|0.6079|4.9600
bkk:QTC|-0.3161|-0.7615|0.0950|7.0000|9.0000|0.1979|4.7800
bkk:RABBIT|0.0000|0.2262|-0.5355|1.0000|9.0000|0.0000|0.9300
bkk:RAM|0.0962|0.1045|1.7189|9.0000|9.0000|0.7116|53.7500
bkk:RATCH|0.1399|-0.0028|3.7624|9.0000|9.0000|0.5416|38.5000
bkk:RBF|0.1008|0.1448|0.3018|7.0000|9.0000|0.6660|11.3000
bkk:RCL|1.8871|0.5313|19.9807|6.0000|9.0000|0.2101|26.2500
bkk:READY|0.0000|2.0727|-0.1136|5.0000|9.0000|0.2444|14.7000
bkk:RICHY|0.1306|-0.0424|0.0931|9.0000|9.0000|0.3664|0.7400
bkk:RJH|0.4314|0.2860|2.9513|9.0000|9.0000|0.7762|28.2500
bkk:RML|-0.5876|-1.0046|-0.1808|6.0000|9.0000|0.0438|0.7100
bkk:ROCK|0.0000|0.9420|-0.9271|3.0000|9.0000|-0.0301|8.0000
bkk:ROH|0.0000|6.6194|-0.0946|5.0000|9.0000|0.2791|3.3800
bkk:ROJNA|0.1301|-0.0115|0.6107|9.0000|9.0000|0.5434|6.4000
bkk:RP|0.1862|-2.9423|-0.4667|6.0000|9.0000|-0.0192|2.0600
bkk:RPC|0.5927|0.5095|0.1242|5.0000|9.0000|0.0000|0.8400
bkk:RPH|0.2863|0.2237|0.4221|9.0000|9.0000|0.8100|6.0500
bkk:RS|0.0055|0.0233|0.2818|8.0000|9.0000|0.2779|15.2000
bkk:RSP|0.0197|-0.0953|0.1214|9.0000|9.0000|0.9520|2.8400
bkk:RT|0.0000|-0.4418|-0.0124|5.0000|9.0000|0.2255|1.0100
bkk:RWI|0.0000|0.9743|-0.2748|6.0000|9.0000|0.1006|0.8900
bkk:S&J|0.1464|0.0746|2.5736|9.0000|9.0000|0.5431|38.0000
bkk:S|0.0000|-0.9300|-0.0574|6.0000|9.0000|0.1744|1.7200
bkk:S11|0.2140|0.0305|0.7180|9.0000|9.0000|0.3738|5.0500
bkk:SA|0.1594|0.2211|0.3055|7.0000|9.0000|0.3365|7.9500
bkk:SAAM|0.1337|0.2727|0.1508|8.0000|9.0000|0.4139|7.3000
bkk:SABINA|0.1513|0.1127|1.1284|9.0000|9.0000|1.1589|26.7500
bkk:SABUY|0.2515|0.3754|0.4884|6.0000|9.0000|0.1606|11.5000
bkk:SAF|0.2362|0.4311|0.0336|4.0000|9.0000|0.9333|1.8400
bkk:SAK|0.2268|0.2391|0.3696|8.0000|9.0000|0.3724|6.3000
bkk:SALEE|-0.0763|-0.1403|0.0121|7.0000|9.0000|0.4767|1.1600
bkk:SAM|0.0000|0.4629|-0.1990|3.0000|9.0000|0.0000|0.6800
bkk:SAMART|0.0000|3.3182|-1.0467|4.0000|9.0000|-0.0686|4.1800
bkk:SAMCO|0.0508|-0.0590|0.0990|9.0000|9.0000|0.5245|1.6000
bkk:SAMTEL|0.0000|-0.2594|-0.0151|8.0000|9.0000|0.4646|4.4200
bkk:SANKO|0.8367|0.8663|0.1126|5.0000|9.0000|0.2947|1.1900
bkk:SAPPE|0.0532|0.0426|1.5647|9.0000|9.0000|0.8538|60.2500
bkk:SAT|0.2445|0.0515|2.3182|9.0000|9.0000|0.7306|19.0000
bkk:SAUCE|0.1331|0.0678|1.6740|9.0000|9.0000|0.8658|31.5000
bkk:SAWAD|0.2119|0.1606|3.6247|9.0000|9.0000|0.5728|53.0000
bkk:SAWANG|0.0000|0.0882|-1.3242|0.0000|9.0000|0.0000|14.3000
bkk:SC|0.1915|0.0367|0.5109|9.0000|9.0000|0.4323|4.3200
bkk:SCAP|0.2629|0.1730|2.1224|9.0000|9.0000|0.8122|27.7500
bkk:SCB|0.0826|-0.0591|9.2898|9.0000|9.0000|0.4603|103.5000
bkk:SCC|0.0667|-0.0664|25.0133|9.0000|9.0000|0.4850|315.0000
bkk:SCCC|0.0019|-0.1334|6.3436|9.0000|9.0000|0.8661|138.0000
bkk:SCG|-0.1955|-0.2455|0.0023|8.0000|9.0000|0.2328|4.5000
bkk:SCGP|0.2654|0.3540|1.7187|6.0000|9.0000|0.6553|45.5000
bkk:SCI|0.3972|-4.2666|-0.3499|5.0000|9.0000|-0.1718|1.3400
bkk:SCM|0.2639|0.2455|0.2422|8.0000|9.0000|1.1170|4.9800
bkk:SCN|0.0808|-0.0431|0.1400|9.0000|9.0000|0.6164|1.9200
bkk:SCP|0.0429|-0.1186|0.4104|9.0000|9.0000|0.5626|4.9200
bkk:SDC|0.0000|0.1002|-0.1384|2.0000|9.0000|-0.1359|0.1300
bkk:SE|-0.0169|-0.1746|0.0770|9.0000|9.0000|0.1129|1.0200
bkk:SE-ED|-0.3781|-1.2998|-0.1073|5.0000|9.0000|-0.1856|2.2200
bkk:SEAFCO|-0.0744|-0.1688|0.0694|7.0000|9.0000|0.1430|3.7000
bkk:SEAOIL|0.3707|0.4059|0.3440|5.0000|9.0000|0.0276|4.0400
bkk:SECURE|0.1552|0.1905|0.6167|6.0000|9.0000|0.5675|16.2000
bkk:SELIC|0.1195|0.1050|0.1587|8.0000|9.0000|0.1974|2.8200
bkk:SENA|0.3922|0.0751|0.7991|9.0000|9.0000|0.4100|3.5000
bkk:SENAJ|0.0000|44.1214|-0.1380|4.0000|9.0000|0.0399|1.0600
bkk:SFLEX|0.1640|0.1663|0.1702|7.0000|9.0000|0.5634|3.6200
bkk:SFP|-0.1586|-0.2207|0.4742|6.0000|9.0000|0.1236|247.0000
bkk:SFT|0.2453|0.3228|0.2156|7.0000|9.0000|0.3643|4.7800
bkk:SGC|0.3773|0.4789|0.2083|4.0000|9.0000|0.0000|3.0600
bkk:SGF|-0.0496|-0.1399|0.0210|9.0000|9.0000|0.0000|0.7000
bkk:SGP|0.3204|0.1297|1.1204|8.0000|9.0000|0.7102|9.0000
bkk:SHANG|0.0000|-0.6452|-3.3673|6.0000|9.0000|0.0857|55.0000
bkk:SHR|0.0000|0.4206|-0.2810|4.0000|9.0000|0.0000|4.0600
bkk:SIAM|6.1526|7.0294|0.1650|3.0000|9.0000|0.0494|1.7100
bkk:SICT|0.0278|0.0646|0.1857|8.0000|9.0000|0.4274|10.1000
bkk:SIMAT|3.8458|-61.6500|0.1364|4.0000|9.0000|0.0000|2.1800
bkk:SINGER|0.1300|0.1398|0.8218|7.0000|9.0000|0.2839|17.2000
bkk:SIRI|0.0444|-0.0795|0.1387|9.0000|9.0000|0.2746|1.7900
bkk:SIS|0.2612|0.1855|1.9142|9.0000|9.0000|0.5845|23.6000
bkk:SISB|0.0460|0.1854|0.2909|9.0000|9.0000|0.4581|29.5000
bkk:SITHAI|-0.0841|-0.1780|0.0221|7.0000|9.0000|0.2058|1.4800
bkk:SJWD|0.0866|0.1418|0.4547|8.0000|9.0000|0.6589|19.9000
bkk:SK|-0.0043|-0.1067|0.0415|8.0000|9.0000|0.2928|0.9000
bkk:SKE|-0.1289|-0.2376|0.0044|9.0000|9.0000|0.2811|0.6800
bkk:SKN|0.3789|0.1812|0.6498|9.0000|9.0000|0.6661|4.9400
bkk:SKR|0.1765|0.2316|0.3718|9.0000|9.0000|0.4103|9.2000
bkk:SKY|0.0678|0.2613|0.3666|9.0000|9.0000|-0.0868|29.2500
bkk:SLM|0.6247|-0.3256|1.5329|2.0000|9.0000|-0.1556|0.9500
bkk:SLP|0.0000|-0.9298|-0.0502|5.0000|9.0000|-0.0223|0.5000
bkk:SMART|0.6962|0.9097|0.0320|5.0000|9.0000|0.9130|0.8300
bkk:SMD|0.5410|0.3683|1.0689|7.0000|9.0000|0.4866|7.9000
bkk:SMIT|0.1642|0.0150|0.4122|9.0000|9.0000|0.8560|4.6600
bkk:SMK|0.0000|0.7721|-59.8711|7.0000|9.0000|0.2327|3.3800
bkk:SMPC|0.2551|0.0874|1.3929|9.0000|9.0000|0.6800|12.3000
bkk:SMT|-0.4468|-2.2143|0.2017|5.0000|9.0000|0.1212|4.5400
bkk:SNC|0.2832|0.0703|2.1111|9.0000|9.0000|0.4867|13.8000
bkk:SNNP|0.1468|0.3082|0.4634|6.0000|9.0000|0.4880|24.9000
bkk:SNP|0.0098|-0.0749|0.5580|9.0000|9.0000|0.9016|17.5000
bkk:SO|0.1531|0.1285|0.4104|8.0000|9.0000|0.8790|9.2000
bkk:SONIC|0.4113|0.2352|0.3162|9.0000|9.0000|0.4500|2.2800
bkk:SORKON|0.0446|-0.0491|0.3107|9.0000|9.0000|0.3736|5.3000
bkk:SPA|-0.4051|-1.2325|-0.1450|6.0000|9.0000|-0.0191|11.3000
bkk:SPACK|-0.0433|-3.6271|0.1996|5.0000|9.0000|0.0000|3.2800
bkk:SPALI|0.2618|0.0571|3.6778|9.0000|9.0000|0.3316|22.6000
bkk:SPC|0.1334|0.0391|5.4091|9.0000|9.0000|0.3101|63.0000
bkk:SPCG|0.2550|0.0074|2.5198|9.0000|9.0000|0.3960|13.6000
bkk:SPG|0.0660|-0.0441|0.9409|9.0000|9.0000|0.6991|15.6000
bkk:SPI|0.1679|0.1036|6.0551|9.0000|9.0000|0.1584|68.7500
bkk:SPRC|0.2279|0.1135|1.1762|6.0000|9.0000|0.3126|10.7000
bkk:SPVI|0.2792|0.2895|0.3045|9.0000|9.0000|0.5253|5.1500
bkk:SQ|0.2134|0.0860|0.1985|8.0000|9.0000|0.3410|1.7600
bkk:SR|0.0000|1.1616|-0.0784|5.0000|9.0000|0.1883|1.4400
bkk:SRICHA|0.0000|-0.2950|-0.1020|6.0000|9.0000|0.5386|8.9500
bkk:SSC|0.0000|-0.1976|-0.0741|4.0000|9.0000|0.7787|35.0000
bkk:SSF|-0.0261|-0.1084|0.1950|7.0000|9.0000|0.7217|8.2500
bkk:SSP|0.3131|0.2595|0.9149|8.0000|9.0000|0.2765|9.7000
bkk:SSS|0.0000|0.0507|-0.4784|2.0000|9.0000|0.0000|0.7100
bkk:SSSC|0.0792|-0.0680|0.2427|9.0000|9.0000|0.6949|3.0200
bkk:SST|0.0000|2.0263|-0.1791|4.0000|9.0000|0.2464|6.4500
bkk:STA|0.7608|0.3597|5.6559|6.0000|9.0000|0.4189|23.0000
bkk:STANLY|0.1910|0.0298|22.5444|9.0000|9.0000|0.3969|181.0000
bkk:STARK|-0.1495|-0.4015|0.0807|3.0000|9.0000|0.0000|2.3800
bkk:STC|0.4295|-0.1423|0.2612|8.0000|9.0000|1.1191|0.7800
bkk:STEC|0.0258|-0.0685|0.6204|8.0000|9.0000|0.4669|12.6000
bkk:STECH|0.2033|0.1194|0.1773|8.0000|9.0000|0.5498|2.2200
bkk:STGT|1.1461|0.3366|4.1607|6.0000|9.0000|0.6530|10.4000
bkk:STHAI|0.1745|-0.3849|0.0032|3.0000|9.0000|0.4299|0.0050
bkk:STI|0.1600|0.1334|0.2548|8.0000|9.0000|0.8450|5.4500
bkk:STOWER|0.0000|0.1518|-0.0152|2.0000|9.0000|-0.0222|0.0300
bkk:STP|0.5533|0.4804|0.9933|4.0000|9.0000|0.5365|10.2000
bkk:STPI|0.0000|-0.5458|-0.4598|5.0000|9.0000|0.0022|4.1200
bkk:SUC|0.1381|-0.0222|3.5020|9.0000|9.0000|0.3710|29.5000
bkk:SUN|0.2308|0.1491|0.2921|7.0000|9.0000|0.9376|4.3600
bkk:SUPER|0.3221|0.3213|0.0607|7.0000|9.0000|0.0569|0.6700
bkk:SUSCO|0.1594|0.0430|0.3087|9.0000|9.0000|0.5976|3.6200
bkk:SUTHA|0.0246|-0.0608|0.2039|9.0000|9.0000|0.2494|3.8800
bkk:SVI|0.1456|0.0952|0.6504|8.0000|9.0000|0.4066|9.9500
bkk:SVOA|0.1492|0.0903|0.1603|9.0000|9.0000|0.4072|2.3200
bkk:SVR|0.3043|0.4626|0.0906|4.0000|9.0000|0.0000|1.9200
bkk:SVT|0.2589|0.4500|0.0992|3.0000|9.0000|0.2824|3.4200
bkk:SWC|0.0163|-0.0962|0.2440|9.0000|9.0000|1.0360|6.2000
bkk:SYMC|-0.0161|-0.0701|0.1727|8.0000|9.0000|0.1580|5.9000
bkk:SYNEX|0.2005|0.1198|1.0042|9.0000|9.0000|0.7498|14.3000
bkk:SYNTEC|-0.0908|-0.2224|0.0318|8.0000|9.0000|0.3430|1.7300
bkk:TACC|0.2188|0.1391|0.3804|9.0000|9.0000|0.9852|5.9500
bkk:TAE|-0.0800|-0.2047|0.0273|7.0000|9.0000|0.2906|1.2800
bkk:TAKUNI|0.0680|0.0642|0.0728|9.0000|9.0000|0.4428|2.1200
bkk:TAPAC|-0.0096|-0.0988|0.1036|8.0000|9.0000|0.0314|2.1800
bkk:TASCO|0.1672|0.0081|1.7480|9.0000|9.0000|0.9155|19.3000
bkk:TC|0.3374|0.2635|0.8444|7.0000|9.0000|0.3387|8.4500
bkk:TCAP|0.1704|0.0132|4.5582|9.0000|9.0000|0.7342|46.2500
bkk:TCC|0.2167|0.3888|0.0278|6.0000|9.0000|-0.0222|0.8000
bkk:TCCC|0.0321|-0.0777|1.8627|9.0000|9.0000|0.8094|39.0000
bkk:TCJ|0.0000|-0.6346|-0.2825|5.0000|9.0000|-0.0017|4.4400
bkk:TCMC|-0.1183|-0.2237|0.0200|6.0000|9.0000|-0.0147|1.9900
bkk:TCOAT|-0.0611|-0.1727|0.5051|7.0000|9.0000|0.6555|25.0000
bkk:TEAM|0.3703|0.5444|0.3298|6.0000|9.0000|0.2742|7.9500
bkk:TEAMG|0.0523|0.1082|0.1691|8.0000|9.0000|0.7816|10.3000
bkk:TEGH|0.9593|0.2846|2.3069|5.0000|9.0000|0.1258|4.7000
bkk:TEKA|0.6334|0.2922|0.5084|6.0000|9.0000|1.0570|3.2000
bkk:TFG|0.2796|0.1490|0.5284|8.0000|9.0000|0.6388|5.2500
bkk:TFI|0.0000|-0.1852|-0.0118|2.0000|9.0000|0.0000|0.1400
bkk:TFM|0.3626|0.2918|0.7080|4.0000|9.0000|0.7473|8.9500
bkk:TFMAMA|0.1356|0.0935|12.2360|9.0000|9.0000|0.3919|200.0000
bkk:TGE|0.3074|0.3768|0.1034|5.0000|9.0000|0.5635|2.2000
bkk:TGH|0.2558|0.2362|1.5300|5.0000|9.0000|0.1926|18.9000
bkk:TGPRO|0.0000|0.0224|-0.0081|5.0000|9.0000|0.0000|0.2100
bkk:TH|0.3411|0.4392|0.1188|7.0000|9.0000|0.0000|1.8200
bkk:THAI|0.0000|-0.1636|-1.2232|2.0000|9.0000|0.0000|3.3200
bkk:THANA|0.2259|0.2579|0.1623|6.0000|9.0000|0.1157|2.5400
bkk:THANI|0.2499|0.0869|0.4342|9.0000|9.0000|0.5563|3.6600
bkk:THCOM|0.0451|-3.5950|-1.1120|7.0000|9.0000|0.7733|14.0000
bkk:THE|0.0000|-0.3865|-0.0582|5.0000|9.0000|0.0657|1.5000
bkk:THG|0.0667|0.1197|1.3589|9.0000|9.0000|0.6857|68.5000
bkk:THIP|0.2163|0.0773|4.1558|9.0000|9.0000|0.2491|32.7500
bkk:THL|-0.1586|-0.5457|1.2240|4.0000|9.0000|0.0000|5.9800
bkk:THMUI|0.0000|-0.5294|-0.0211|6.0000|9.0000|0.0691|0.8400
bkk:THRE|-0.2877|-0.7324|0.0364|4.0000|9.0000|0.2933|1.0000
bkk:THREL|-0.0232|-0.1504|0.1678|9.0000|9.0000|0.6895|4.4800
bkk:TIDLOR|0.2314|0.2734|1.3796|7.0000|9.0000|0.2959|25.5000
bkk:TIGER|0.1951|0.0921|0.1201|6.0000|9.0000|0.6898|1.5000
bkk:TIPCO|0.0625|-0.0896|0.6302|8.0000|9.0000|1.0958|9.7500
bkk:TIPH|0.1289|0.0212|2.9653|9.0000|9.0000|0.7044|41.0000
bkk:TISCO|0.2160|0.0636|9.1793|9.0000|9.0000|0.9474|101.5000
bkk:TITLE|0.0000|-0.5759|-0.0659|7.0000|9.0000|0.0760|2.0600
bkk:TK|0.0724|-0.0410|0.5918|8.0000|9.0000|0.3777|7.7500
bkk:TKC|0.2431|0.2687|1.1942|6.0000|9.0000|0.6113|24.2000
bkk:TKN|0.0058|-0.0618|0.2418|9.0000|9.0000|0.9683|9.3500
bkk:TKS|0.2140|0.0938|1.1553|9.0000|9.0000|0.4583|11.4000
bkk:TKT|0.0000|0.0250|-0.1020|5.0000|9.0000|-0.2444|2.7000
bkk:TM|0.0553|-0.0311|0.1037|9.0000|9.0000|1.0118|2.4800
bkk:TMC|-0.3419|-0.8262|0.1562|1.0000|9.0000|0.0000|3.3600
bkk:TMD|0.1623|0.0148|2.2078|9.0000|9.0000|0.7166|23.5000
bkk:TMI|0.0000|-1.3200|0.0143|5.0000|9.0000|0.0274|2.0000
bkk:TMILL|0.1596|0.0466|0.2887|9.0000|9.0000|0.8232|3.8800
bkk:TMT|0.0135|-0.0820|0.3062|9.0000|9.0000|0.7212|7.8000
bkk:TMW|0.2252|0.0408|6.0396|9.0000|9.0000|0.2970|40.0000
bkk:TNDT|-0.3463|-1.3713|-0.0877|6.0000|9.0000|-0.1125|0.4000
bkk:TNH|0.1052|0.0748|2.0689|9.0000|9.0000|0.2206|36.0000
bkk:TNITY|0.1328|-0.0174|0.5976|9.0000|9.0000|0.6446|6.3000
bkk:TNL|-0.0588|-0.1397|0.5376|9.0000|9.0000|0.5989|34.2500
bkk:TNP|0.1200|0.1026|0.1774|9.0000|9.0000|0.4939|3.7600
bkk:TNPC|0.0000|2.2524|-0.0690|5.0000|9.0000|0.4033|1.8000
bkk:TNR|0.0801|-0.0215|0.5240|8.0000|9.0000|0.7920|9.1000
bkk:TOA|0.0345|0.0128|0.9600|9.0000|9.0000|0.4111|30.7500
bkk:TOG|0.1814|0.0880|0.6504|9.0000|9.0000|0.8206|9.3000
bkk:TOP|0.2313|0.0714|7.1960|7.0000|9.0000|0.3084|53.2500
bkk:TOPP|0.1067|-0.0182|15.8311|9.0000|9.0000|0.2780|162.0000
bkk:TPA|-0.1436|-0.2328|0.0178|7.0000|9.0000|0.4818|5.6500
bkk:TPAC|0.1127|0.1119|0.7609|9.0000|9.0000|0.1678|14.8000
bkk:TPBI|-0.0736|-0.1932|0.1027|7.0000|9.0000|0.2886|4.5600
bkk:TPCH|0.2349|0.1111|0.7611|9.0000|9.0000|0.3926|6.9500
bkk:TPCS|0.0716|0.0001|1.1873|8.0000|9.0000|0.4419|21.4000
bkk:TPIPL|0.6878|0.4343|0.2694|7.0000|9.0000|0.4343|1.5600
bkk:TPIPP|0.4209|0.1424|0.5483|9.0000|9.0000|0.7520|3.3400
bkk:TPLAS|0.2436|0.1770|0.1457|8.0000|9.0000|1.0390|2.4000
bkk:TPOLY|-0.1622|-0.4632|0.0540|5.0000|9.0000|0.1902|1.1900
bkk:TPP|0.0999|0.0828|0.7262|8.0000|9.0000|0.7023|18.9000
bkk:TPS|0.1883|0.1388|0.2091|8.0000|9.0000|0.7046|3.4600
bkk:TQM|0.2537|0.2664|1.3956|7.0000|9.0000|1.0300|32.2500
bkk:TQR|0.3471|0.3742|0.6128|6.0000|9.0000|0.8563|12.1000
bkk:TR|0.5492|0.2859|10.9498|7.0000|9.0000|0.0826|47.0000
bkk:TRC|0.0000|0.5831|-0.0922|4.0000|9.0000|-0.0085|0.5400
bkk:TRITN|-0.1748|-0.2611|0.0003|4.0000|9.0000|0.0462|0.1500
bkk:TRT|-0.3764|-1.4143|-0.0869|5.0000|9.0000|0.2123|2.7400
bkk:TRU|0.0729|0.0349|0.2773|8.0000|9.0000|0.4003|6.0500
bkk:TRUBB|1.4187|-6.7707|0.1681|5.0000|9.0000|0.1797|1.9000
bkk:TRUE|0.0000|2.8228|-0.1734|6.0000|9.0000|0.3355|8.1500
bkk:TRV|0.2749|0.3390|0.1911|5.0000|9.0000|0.4732|4.0000
bkk:TSC|0.1370|0.0440|0.7789|9.0000|9.0000|1.0070|13.3000
bkk:TSE|0.0617|-0.0558|0.2064|9.0000|9.0000|0.1802|2.4000
bkk:TSF|0.8357|-0.3220|0.0170|0.0000|9.0000|0.0000|0.0100
bkk:TSI|-0.2299|-0.2501|0.0000|1.0000|9.0000|0.0000|0.3200
bkk:TSR|0.0207|-0.0500|0.1413|9.0000|9.0000|0.5840|3.8400
bkk:TSTE|0.0455|-0.0193|0.3660|9.0000|9.0000|0.5047|8.3000
bkk:TSTH|0.4579|0.4484|0.1167|7.0000|9.0000|0.0612|1.1100
bkk:TTA|-0.4768|-2.1262|1.4342|6.0000|9.0000|0.1709|7.8000
bkk:TTB|0.0548|-0.0814|0.1147|9.0000|9.0000|0.4251|1.4300
bkk:TTCL|-0.3904|-1.1858|-0.3078|7.0000|9.0000|-0.1904|4.4600
bkk:TTI|0.2041|0.2423|1.2733|4.0000|9.0000|0.3034|24.8000
bkk:TTT|0.2468|0.2544|2.7033|3.0000|9.0000|0.6450|51.0000
bkk:TTW|0.1566|0.0157|0.7558|9.0000|9.0000|0.7885|8.7000
bkk:TU|0.1707|0.0306|1.3456|9.0000|9.0000|0.5754|13.6000
bkk:TVDH|0.0000|0.3450|-0.1515|4.0000|9.0000|0.5257|0.6700
bkk:TVI|0.1651|0.1355|0.5671|9.0000|9.0000|0.5231|9.9000
bkk:TVO|0.0966|-0.0154|1.7513|9.0000|9.0000|0.7414|26.2500
bkk:TVT|0.0000|-0.2667|-0.0024|7.0000|9.0000|0.1212|0.6000
bkk:TWP|0.0000|-0.6338|-0.2784|7.0000|9.0000|0.3579|2.4600
bkk:TWPC|-0.0034|-0.1266|0.1991|9.0000|9.0000|0.8193|4.8800
bkk:TWZ|0.0000|-0.3146|-0.0024|7.0000|9.0000|-0.0402|0.0600
bkk:TYCN|0.0000|0.0586|-0.2816|5.0000|9.0000|0.0000|2.7000
bkk:UAC|0.2332|0.1567|0.3068|9.0000|9.0000|0.7596|4.2800
bkk:UBA|0.4374|0.4377|0.1195|5.0000|9.0000|0.5971|1.7100
bkk:UBE|0.2197|0.2979|0.0516|7.0000|9.0000|0.5464|1.3700
bkk:UBIS|0.0007|-0.1103|0.1408|7.0000|9.0000|0.4134|2.9400
bkk:UEC|0.0000|-0.5108|-0.0632|6.0000|9.0000|0.3348|1.3700
bkk:UKEM|-0.0310|-0.1183|0.0332|8.0000|9.0000|0.4996|1.2600
bkk:UMI|0.0000|-0.0701|-0.0369|3.0000|9.0000|-0.1847|1.4200
bkk:UMS|-0.1090|-0.3189|0.0647|0.0000|9.0000|0.0000|1.5000
bkk:UNIQ|-0.0460|-0.1696|0.1616|9.0000|9.0000|0.0405|3.8000
bkk:UOBKH|0.0215|-0.0634|0.2996|9.0000|9.0000|0.2109|5.7000
bkk:UP|0.0000|-0.4206|-0.3056|5.0000|9.0000|-0.2188|22.9000
bkk:UPF|0.2124|0.0469|4.8653|9.0000|9.0000|0.9954|52.0000
bkk:UPOIC|0.2851|0.1900|0.5797|6.0000|9.0000|0.5456|6.3000
bkk:UREKA|0.0000|-0.1908|-0.0174|2.0000|9.0000|0.0000|0.9900
bkk:UTP|0.3362|0.1967|1.5504|9.0000|9.0000|0.5298|13.6000
bkk:UV|0.0233|-0.1120|0.1743|9.0000|9.0000|0.6083|2.8600
bkk:UVAN|0.4055|0.1586|1.1078|9.0000|9.0000|0.7360|7.4000
bkk:VARO|0.0000|0.3827|-1.0044|5.0000|9.0000|0.1178|6.5500
bkk:VCOM|0.2038|0.1194|0.3300|9.0000|9.0000|0.6858|4.4400
bkk:VGI|-0.0656|-0.1254|0.0540|8.0000|9.0000|0.3026|4.0000
bkk:VIBHA|0.0914|0.0929|0.0869|9.0000|9.0000|0.6777|2.6200
bkk:VIH|0.3944|0.2759|0.9747|9.0000|9.0000|0.4089|8.4000
bkk:VL|-0.0259|-0.1240|0.0394|8.0000|9.0000|0.5392|1.3000
bkk:VNG|0.0000|-0.4133|-0.1778|6.0000|9.0000|0.2136|4.9800
bkk:VPO|0.0000|-0.1535|-0.0277|3.0000|9.0000|-0.0677|0.9800
bkk:VRANDA|0.0884|0.2492|0.1047|5.0000|9.0000|0.3447|7.6500
bkk:W|0.1361|-0.4199|1.6760|1.0000|9.0000|0.0000|1.8400
bkk:WACOAL|0.0000|-0.3330|-0.4827|7.0000|9.0000|0.2958|36.7500
bkk:WARRIX|0.2277|0.5238|0.1510|5.0000|9.0000|0.4746|10.9000
bkk:WAVE|0.0000|0.4458|-0.5446|3.0000|9.0000|0.0000|0.2000
bkk:WFX|0.4547|0.4531|0.3325|6.0000|9.0000|0.5037|4.4200
bkk:WGE|0.0231|-0.0317|0.0423|5.0000|9.0000|0.5333|1.2400
bkk:WHA|0.1154|0.0542|0.2297|9.0000|9.0000|0.7218|4.3400
bkk:WHAUP|0.2059|0.0696|0.3366|9.0000|9.0000|0.9160|3.9800
bkk:WICE|0.2991|0.2959|0.6272|9.0000|9.0000|0.5629|9.9500
bkk:WIIK|0.1129|-0.0231|0.1441|8.0000|9.0000|0.7960|1.8500
bkk:WIN|0.0000|0.2719|-0.0297|3.0000|9.0000|0.0000|0.7700
bkk:WINMED|0.2794|0.3775|0.1651|4.0000|9.0000|0.5865|4.2600
bkk:WINNER|0.0399|-0.0647|0.0985|9.0000|9.0000|0.9799|2.2200
bkk:WORK|0.0783|0.0300|0.6456|8.0000|9.0000|0.9314|17.1000
bkk:WP|0.3541|0.2026|0.4304|8.0000|9.0000|0.9049|4.3800
bkk:WPH|0.0916|0.1448|0.1212|6.0000|9.0000|0.1982|3.8000
bkk:XO|0.2207|0.1736|0.6929|9.0000|9.0000|0.8329|11.7000
bkk:XPG|0.0000|-0.5973|-0.0520|6.0000|9.0000|-0.1121|1.1100
bkk:YGG|0.1545|0.1481|0.2670|8.0000|9.0000|1.0555|7.1500
bkk:YONG|0.2075|0.2462|0.1444|6.0000|9.0000|0.4528|3.0800
bkk:YUASA|0.2554|0.1619|1.4174|8.0000|9.0000|0.3704|14.3000
bkk:ZEN|-0.1128|-0.1745|0.0882|7.0000|9.0000|0.3728|17.4000
bkk:ZIGA|0.0000|-0.3584|-0.0718|8.0000|9.0000|0.3411|3.2200
